{
    "FlowCamera": {
        "カメラ": {
            "カメラのZの値": -60.02000045776367,
            "カメラ位置": [
                0.0,
                0.0,
                -60.02000045776367
            ],
            "カメラ回転": [
                0.0,
                0.0,
                0.0
            ],
            "カメラ注目点": [
                -2.3140249252319336,
                1.0,
                2.213005781173706
            ],
            "カメラ注目点の回転": [
                0.9100000262260437,
                0.0,
                0.0
            ]
        },
        "カメラの距離": -60.02000045776367,
        "カメラ角度": [
            0.9100000262260437,
            0.0,
            0.0
        ]
    }
}
