{
    "Player": {
        "体力": 10,
        "円コライダー": {
            "サイズ": 1.190000057220459,
            "ヒット色": [
                1.0,
                0.0,
                0.0,
                0.5
            ],
            "ワールド": {
                "スケール": [
                    1.190000057220459,
                    1.190000057220459,
                    1.190000057220459
                ],
                "回転": [
                    0.0,
                    0.0,
                    0.0
                ],
                "座標": [
                    0.0,
                    1.5499999523162842,
                    0.0
                ]
            },
            "描画": true,
            "有効": true,
            "通常色": [
                1.0,
                1.0,
                1.0,
                0.5
            ]
        },
        "回避": {
            "回避後のクールタイム": 1.0,
            "時間": 0.5,
            "速度": 20.0
        },
        "移動": {
            "移動速度": 10.0
        }
    }
}
